po_id,supplier_id,material_name,category,quantity,unit,unit_price,total_value,order_date,expected_delivery,actual_delivery,status
PO000001,SUP030,Safety Gear,MRO,4317.0,units,188.04,811768.68,2023-01-01,2023-01-13,2023-01-10,Delivered
PO000002,SUP017,Capacitors,Electronics,2009.0,units,187.54,376767.86,2023-01-03,2023-01-31,2023-01-30,Delivered
PO000003,SUP004,Aluminum Rods,Raw Materials,1317.0,units,266.31,350730.27,2023-01-04,2023-01-21,2023-01-19,Delivered
PO000004,SUP026,Spare Parts,MRO,2978.0,units,417.15,1242272.7,2023-01-06,2023-01-20,2023-01-20,Delivered
PO000005,SUP015,Transformers,Electronics,3277.0,units,125.42,411001.34,2023-01-06,2023-01-28,2023-01-27,Delivered
PO000006,SUP012,Pallets,Packaging,4594.0,units,155.19,712942.86,2023-01-06,2023-01-12,2023-01-11,Delivered
PO000007,SUP011,Shrink Wrap,Packaging,2935.0,units,84.23,247215.05,2023-01-16,2023-01-25,2023-01-25,Delivered
PO000008,SUP021,Route Optimization,Logistics,2567.0,trips,11251.45,28882472.15,2023-01-26,2023-02-02,2023-02-02,Delivered
PO000009,SUP022,Customs Clearance,Logistics,4388.0,trips,8788.9,38565693.2,2023-01-29,2023-02-07,2023-02-05,Delivered
PO000010,SUP025,Welding Rods,MRO,1208.0,units,282.45,341199.6,2023-02-02,2023-02-15,2023-02-19,Delayed
PO000011,SUP026,Electrical Tape,MRO,735.0,units,202.97,149182.95,2023-02-05,2023-02-16,2023-02-16,Delivered
PO000012,SUP030,Cleaning Supplies,MRO,4093.0,units,428.61,1754300.73,2023-02-11,2023-02-23,2023-02-22,Delivered
PO000013,SUP005,Steel Sheets,Raw Materials,1470.0,units,661.41,972272.7,2023-02-13,2023-02-24,2023-02-24,Delivered
PO000014,SUP025,Spare Parts,MRO,1226.0,units,164.96,202240.96,2023-02-20,2023-03-01,,Cancelled
PO000015,SUP012,Packing Tape,Packaging,2875.0,units,141.27,406151.25,2023-02-22,2023-02-27,2023-02-28,Delayed
PO000016,SUP012,Shrink Wrap,Packaging,1757.0,units,123.38,216778.66,2023-02-22,2023-03-04,2023-03-07,Delayed
PO000017,SUP003,Zinc Alloy,Raw Materials,233.0,units,281.52,65594.16,2023-02-25,2023-03-15,2023-03-13,Delivered
PO000018,SUP009,Shrink Wrap,Packaging,4007.0,units,87.39,350171.73,2023-02-26,2023-03-08,2023-03-07,Delivered
PO000019,SUP018,Microcontrollers,Electronics,1640.0,units,193.63,317553.2,2023-03-01,2023-03-15,2023-03-15,Delivered
PO000020,SUP022,Route Optimization,Logistics,1848.0,trips,8209.17,15170546.16,2023-03-01,2023-03-07,2023-03-10,Delayed
PO000021,SUP022,Fleet Maintenance,Logistics,4747.0,trips,15962.24,75772753.28,2023-03-04,2023-03-09,2023-03-14,Delayed
PO000022,SUP023,Fleet Maintenance,Logistics,1112.0,trips,8389.96,9329635.52,2023-03-05,2023-03-13,2023-03-18,Delayed
PO000023,SUP028,Hand Tools,MRO,3573.0,units,199.22,711813.06,2023-03-08,2023-03-15,2023-03-14,Delivered
PO000024,SUP020,Warehousing,Logistics,375.0,trips,13374.28,5015355.0,2023-03-09,2023-03-13,2023-03-16,Delayed
PO000025,SUP025,Hand Tools,MRO,2191.0,units,241.15,528359.65,2023-03-17,2023-03-25,2023-03-24,Delivered
PO000026,SUP021,Cross-Docking,Logistics,3091.0,trips,16943.8,52373285.8,2023-03-22,2023-03-25,2023-03-23,Delivered
PO000027,SUP021,Cold Chain Transport,Logistics,3846.0,trips,18825.06,72401180.76,2023-03-23,2023-04-01,2023-04-17,Delayed
PO000028,SUP016,Connectors,Electronics,1060.0,units,401.65,425749.0,2023-03-27,2023-04-18,2023-04-17,Delivered
PO000029,SUP004,Steel Sheets,Raw Materials,1487.0,units,400.2,595097.4,2023-03-28,2023-04-16,2023-04-13,Delivered
PO000030,SUP001,Copper Wire,Raw Materials,4729.0,units,487.72,2306427.88,2023-04-01,2023-04-21,2023-04-18,Delivered
PO000031,SUP012,Corrugated Boxes,Packaging,2033.0,units,57.37,116633.21,2023-04-01,2023-04-07,2023-04-05,Delivered
PO000032,SUP025,Hand Tools,MRO,1035.0,units,398.06,411992.1,2023-04-04,2023-04-16,2023-04-14,Delivered
PO000033,SUP019,Customs Clearance,Logistics,2561.0,trips,14106.39,36126464.79,2023-04-12,2023-04-19,2023-04-18,Delivered
PO000034,SUP024,Freight Services,Logistics,2938.0,trips,22454.39,65970997.82,2023-04-15,2023-04-18,2023-04-15,Delivered
PO000035,SUP017,Transformers,Electronics,4607.0,units,75.84,349394.88,2023-04-16,2023-05-08,2023-05-06,Delivered
PO000036,SUP022,Cross-Docking,Logistics,3070.0,trips,9189.8,28212686.0,2023-04-16,2023-04-26,2023-04-24,Delivered
PO000037,SUP010,Shrink Wrap,Packaging,2889.0,units,170.99,493990.11,2023-04-18,2023-04-27,2023-04-24,Delivered
PO000038,SUP007,Packing Tape,Packaging,4148.0,units,116.11,481624.28,2023-04-18,2023-04-26,2023-05-03,Delayed
PO000039,SUP001,Silicon Wafers,Raw Materials,4891.0,units,265.31,1297631.21,2023-04-20,2023-05-04,2023-05-04,Delivered
PO000040,SUP030,Hand Tools,MRO,2119.0,units,768.55,1628557.45,2023-04-21,2023-04-29,2023-04-26,Delivered
PO000041,SUP029,Hand Tools,MRO,4263.0,units,493.1,2102085.3,2023-04-22,2023-05-03,2023-05-10,Delayed
PO000042,SUP027,Bearings,MRO,2601.0,units,375.47,976597.47,2023-04-23,2023-05-04,2023-05-04,Delivered
PO000043,SUP009,Pallets,Packaging,3479.0,units,43.89,152693.31,2023-04-25,2023-05-01,2023-05-04,Delayed
PO000044,SUP015,Transformers,Electronics,1899.0,units,407.18,773234.82,2023-05-01,2023-05-23,2023-05-23,Delivered
PO000045,SUP027,Fasteners,MRO,4519.0,units,512.01,2313773.19,2023-05-01,2023-05-08,2023-05-08,Delivered
PO000046,SUP018,Connectors,Electronics,3380.0,units,153.27,518052.6,2023-05-04,2023-05-29,2023-06-06,Delayed
PO000047,SUP002,Plastic Granules,Raw Materials,2074.0,units,700.38,1452588.12,2023-05-05,2023-05-21,2023-05-20,Delivered
PO000048,SUP021,Customs Clearance,Logistics,637.0,trips,25581.76,16295581.12,2023-05-11,2023-05-20,2023-05-27,Delayed
PO000049,SUP009,Packing Tape,Packaging,4690.0,units,42.79,200685.1,2023-05-12,2023-05-20,2023-05-20,Delivered
PO000050,SUP008,Corrugated Boxes,Packaging,2041.0,units,57.12,116581.92,2023-05-14,2023-05-24,2023-05-23,Delivered
PO000051,SUP014,Microcontrollers,Electronics,1412.0,units,384.25,542561.0,2023-05-18,2023-06-11,2023-06-26,Delayed
PO000052,SUP006,Silicon Wafers,Raw Materials,2394.0,units,727.96,1742736.24,2023-05-20,2023-06-05,2023-06-03,Delivered
PO000053,SUP003,Silicon Wafers,Raw Materials,3637.0,units,273.41,994392.17,2023-05-21,2023-06-09,2023-06-08,Delivered
PO000054,SUP024,Warehousing,Logistics,3747.0,trips,18279.79,68494373.13,2023-05-23,2023-06-02,2023-05-30,Delivered
PO000055,SUP015,Capacitors,Electronics,4024.0,units,180.0,724320.0,2023-05-26,2023-06-09,2023-06-08,Delivered
PO000056,SUP007,Pallets,Packaging,1189.0,units,66.94,79591.66,2023-05-26,2023-06-07,2023-06-11,Delayed
PO000057,SUP017,PCB Boards,Electronics,4203.0,units,73.33,308205.99,2023-05-29,2023-06-12,2023-06-09,Delivered
PO000058,SUP022,Fleet Maintenance,Logistics,128.0,trips,18780.24,2403870.72,2023-05-30,2023-06-04,2023-06-09,Delayed
PO000059,SUP027,Filters,MRO,1373.0,units,947.73,1301233.29,2023-05-31,2023-06-08,2023-06-08,Delivered
PO000060,SUP023,Last-Mile Delivery,Logistics,459.0,trips,26097.11,11978573.49,2023-06-01,2023-06-11,2023-06-11,Delivered
PO000061,SUP006,Carbon Fiber,Raw Materials,128.0,units,288.35,36908.8,2023-06-04,2023-06-23,2023-06-25,Delayed
PO000062,SUP017,Sensors,Electronics,316.0,units,199.91,63171.56,2023-06-04,2023-06-28,2023-06-25,Delivered
PO000063,SUP006,Titanium Bars,Raw Materials,3320.0,units,205.46,682127.2,2023-06-08,2023-06-28,2023-06-25,Delivered
PO000064,SUP012,Foam Inserts,Packaging,556.0,units,91.17,50690.52,2023-06-11,2023-06-17,2023-06-16,Delivered
PO000065,SUP019,Last-Mile Delivery,Logistics,3442.0,trips,7634.84,26279119.28,2023-06-15,2023-06-19,2023-06-18,Delivered
PO000066,SUP015,Capacitors,Electronics,721.0,units,424.63,306158.23,2023-06-15,2023-07-03,2023-07-01,Delivered
PO000067,SUP010,Carton Boxes,Packaging,4840.0,units,84.1,407044.0,2023-06-17,2023-06-24,2023-07-01,Delayed
PO000068,SUP010,Shrink Wrap,Packaging,4104.0,units,96.02,394066.08,2023-06-24,2023-07-05,2023-07-02,Delivered
PO000069,SUP018,PCB Boards,Electronics,3964.0,units,304.16,1205690.24,2023-06-27,2023-07-13,2023-07-13,Delivered
PO000070,SUP001,Copper Wire,Raw Materials,1331.0,units,495.49,659497.19,2023-06-30,2023-07-20,2023-07-20,Delivered
PO000071,SUP027,Hand Tools,MRO,1774.0,units,194.53,345096.22,2023-07-04,2023-07-11,2023-07-11,Delivered
PO000072,SUP022,Last-Mile Delivery,Logistics,4653.0,trips,11549.25,53738660.25,2023-07-07,2023-07-16,2023-07-13,Delivered
PO000073,SUP013,PCB Boards,Electronics,3538.0,units,438.56,1551625.28,2023-07-11,2023-07-30,2023-07-28,Delivered
PO000074,SUP020,Route Optimization,Logistics,3076.0,trips,17918.99,55118813.24,2023-07-14,2023-07-19,2023-07-18,Delivered
PO000075,SUP017,Transistors,Electronics,2120.0,units,136.69,289782.8,2023-07-17,2023-08-07,2023-08-05,Delivered
PO000076,SUP001,Zinc Alloy,Raw Materials,726.0,units,703.39,510661.14,2023-07-18,2023-08-04,2023-08-05,Delayed
PO000077,SUP018,Microcontrollers,Electronics,883.0,units,370.3,326974.9,2023-07-21,2023-08-12,2023-08-16,Delayed
PO000078,SUP010,Corrugated Boxes,Packaging,2276.0,units,159.98,364114.48,2023-07-22,2023-08-01,2023-07-31,Delivered
PO000079,SUP026,Lubricants,MRO,2872.0,units,367.6,1055747.2,2023-07-23,2023-07-30,2023-08-02,Delayed
PO000080,SUP008,Bubble Wrap,Packaging,3571.0,units,151.25,540113.75,2023-07-23,2023-08-03,2023-08-01,Delivered
PO000081,SUP015,Connectors,Electronics,1670.0,units,389.7,650799.0,2023-07-23,2023-08-18,2023-08-16,Delivered
PO000082,SUP027,Spare Parts,MRO,1722.0,units,662.69,1141152.18,2023-07-25,2023-08-03,,Cancelled
PO000083,SUP014,LED Modules,Electronics,4979.0,units,173.75,865101.25,2023-07-25,2023-08-09,2023-08-08,Delivered
PO000084,SUP014,Capacitors,Electronics,3533.0,units,101.1,357186.3,2023-07-30,2023-08-26,2023-09-01,Delayed
PO000085,SUP004,Carbon Fiber,Raw Materials,1869.0,units,366.9,685736.1,2023-08-01,2023-08-12,2023-08-09,Delivered
PO000086,SUP020,Fleet Maintenance,Logistics,4307.0,trips,18036.06,77681310.42,2023-08-05,2023-08-12,2023-08-10,Delivered
PO000087,SUP025,Lubricants,MRO,4247.0,units,747.77,3175779.19,2023-08-07,2023-08-15,2023-08-16,Delayed
PO000088,SUP012,Pallets,Packaging,703.0,units,131.2,92233.6,2023-08-07,2023-08-12,2023-08-19,Delayed
PO000089,SUP017,Microcontrollers,Electronics,3161.0,units,372.61,1177820.21,2023-08-08,2023-08-26,2023-09-01,Delayed
PO000090,SUP013,Transformers,Electronics,3190.0,units,84.17,268502.3,2023-08-10,2023-08-25,2023-08-24,Delivered
PO000091,SUP004,Steel Sheets,Raw Materials,3554.0,units,649.33,2307718.82,2023-08-10,2023-08-22,,Cancelled
PO000092,SUP026,Bearings,MRO,1396.0,units,498.27,695584.92,2023-08-10,2023-08-21,2023-08-21,Delivered
PO000093,SUP008,Poly Bags,Packaging,63.0,units,21.07,1327.41,2023-08-12,2023-08-23,2023-08-23,Delivered
PO000094,SUP019,Customs Clearance,Logistics,641.0,trips,15072.7,9661600.7,2023-08-12,2023-08-19,2023-08-17,Delivered
PO000095,SUP019,Cross-Docking,Logistics,3711.0,trips,25883.95,96055338.45,2023-08-18,2023-08-21,2023-08-21,Delivered
PO000096,SUP011,Corrugated Boxes,Packaging,3807.0,units,150.89,574438.23,2023-08-21,2023-08-28,2023-08-25,Delivered
PO000097,SUP023,Customs Clearance,Logistics,2319.0,trips,18005.21,41754081.99,2023-08-22,2023-08-27,2023-08-24,Delivered
PO000098,SUP023,Customs Clearance,Logistics,1624.0,trips,19463.04,31607976.96,2023-08-22,2023-08-30,2023-08-27,Delivered
PO000099,SUP010,Carton Boxes,Packaging,1362.0,units,44.81,61031.22,2023-08-23,2023-08-30,2023-09-02,Delayed
PO000100,SUP009,Bubble Wrap,Packaging,204.0,units,106.33,21691.32,2023-08-23,2023-08-29,2023-08-29,Delivered
PO000101,SUP019,Cross-Docking,Logistics,4591.0,trips,16749.88,76898699.08,2023-08-23,2023-09-02,2023-08-30,Delivered
PO000102,SUP016,PCB Boards,Electronics,1945.0,units,432.95,842087.75,2023-08-29,2023-09-22,2023-09-27,Delayed
PO000103,SUP013,Resistors,Electronics,2125.0,units,149.65,318006.25,2023-08-31,2023-09-21,2023-09-20,Delivered
PO000104,SUP001,Carbon Fiber,Raw Materials,3006.0,units,175.58,527793.48,2023-09-03,2023-09-22,2023-09-22,Delivered
PO000105,SUP025,Cleaning Supplies,MRO,2900.0,units,245.54,712066.0,2023-09-05,2023-09-17,2023-09-16,Delivered
PO000106,SUP027,Welding Rods,MRO,2734.0,units,117.52,321299.68,2023-09-06,2023-09-18,2023-09-16,Delivered
PO000107,SUP002,Steel Sheets,Raw Materials,781.0,units,613.68,479284.08,2023-09-06,2023-09-26,2023-10-03,Delayed
PO000108,SUP026,Welding Rods,MRO,3263.0,units,772.5,2520667.5,2023-09-08,2023-09-19,2023-09-16,Delivered
PO000109,SUP028,Electrical Tape,MRO,210.0,units,651.55,136825.5,2023-09-13,2023-09-23,2023-09-23,Delivered
PO000110,SUP027,Filters,MRO,2261.0,units,181.49,410348.89,2023-09-15,2023-09-24,2023-09-21,Delivered
PO000111,SUP004,Zinc Alloy,Raw Materials,3954.0,units,529.53,2093761.62,2023-09-16,2023-09-26,2023-09-28,Delayed
PO000112,SUP018,Capacitors,Electronics,1723.0,units,373.33,643247.59,2023-09-17,2023-10-01,2023-09-29,Delivered
PO000113,SUP022,Cross-Docking,Logistics,1522.0,trips,13642.5,20763885.0,2023-09-19,2023-09-29,2023-09-29,Delivered
PO000114,SUP016,Capacitors,Electronics,1576.0,units,329.95,520001.2,2023-09-25,2023-10-11,2023-10-09,Delivered
PO000115,SUP019,Freight Services,Logistics,798.0,trips,22032.01,17581543.98,2023-10-03,2023-10-12,2023-10-09,Delivered
PO000116,SUP019,Cold Chain Transport,Logistics,2407.0,trips,15765.13,37946667.91,2023-10-05,2023-10-15,2023-10-19,Delayed
PO000117,SUP005,Steel Sheets,Raw Materials,2146.0,units,820.62,1761050.52,2023-10-08,2023-10-19,2023-10-19,Delivered
PO000118,SUP026,Electrical Tape,MRO,2959.0,units,670.85,1985045.15,2023-10-19,2023-10-30,2023-10-28,Delivered
PO000119,SUP013,Connectors,Electronics,2882.0,units,227.7,656231.4,2023-10-21,2023-11-15,2023-11-15,Delivered
PO000120,SUP011,Foam Inserts,Packaging,1589.0,units,168.91,268397.99,2023-10-24,2023-11-03,2023-10-31,Delivered
PO000121,SUP025,Fasteners,MRO,4343.0,units,523.7,2274429.1,2023-10-29,2023-11-08,2023-11-06,Delivered
PO000122,SUP023,Cold Chain Transport,Logistics,1406.0,trips,7324.88,10298781.28,2023-10-31,2023-11-10,2023-11-10,Delivered
PO000123,SUP010,Corrugated Boxes,Packaging,1964.0,units,126.5,248446.0,2023-10-31,2023-11-11,2023-11-13,Delayed
PO000124,SUP020,Freight Services,Logistics,1158.0,trips,20401.49,23624925.42,2023-11-01,2023-11-07,2023-11-07,Delivered
PO000125,SUP001,Silicon Wafers,Raw Materials,4997.0,units,845.51,4225013.47,2023-11-02,2023-11-19,2023-11-17,Delivered
PO000126,SUP007,Bubble Wrap,Packaging,2611.0,units,29.35,76632.85,2023-11-08,2023-11-13,2023-11-17,Delayed
PO000127,SUP019,Cold Chain Transport,Logistics,1749.0,trips,14186.08,24811453.92,2023-11-09,2023-11-14,2023-11-13,Delivered
PO000128,SUP022,Customs Clearance,Logistics,3289.0,trips,13134.14,43198186.46,2023-11-09,2023-11-13,2023-11-13,Delivered
PO000129,SUP016,LED Modules,Electronics,2527.0,units,173.57,438611.39,2023-11-10,2023-11-30,2023-11-27,Delivered
PO000130,SUP011,Bubble Wrap,Packaging,1601.0,units,95.83,153423.83,2023-11-12,2023-11-19,2023-11-19,Delivered
PO000131,SUP018,LED Modules,Electronics,3667.0,units,359.59,1318616.53,2023-11-13,2023-12-08,2023-12-07,Delivered
PO000132,SUP003,Steel Sheets,Raw Materials,1526.0,units,380.46,580581.96,2023-11-13,2023-11-28,2023-11-27,Delivered
PO000133,SUP008,Bubble Wrap,Packaging,1095.0,units,108.62,118938.9,2023-11-14,2023-11-23,2023-11-25,Delayed
PO000134,SUP014,Connectors,Electronics,1932.0,units,115.12,222411.84,2023-11-18,2023-12-12,2023-12-18,Delayed
PO000135,SUP010,Shrink Wrap,Packaging,3935.0,units,126.67,498446.45,2023-11-19,2023-11-28,2023-12-02,Delayed
PO000136,SUP011,Packing Tape,Packaging,64.0,units,171.22,10958.08,2023-11-20,2023-11-26,2023-11-24,Delivered
PO000137,SUP015,PCB Boards,Electronics,544.0,units,187.65,102081.6,2023-11-26,2023-12-10,2023-12-08,Delivered
PO000138,SUP029,Safety Gear,MRO,1894.0,units,878.03,1662988.82,2023-12-03,2023-12-11,2023-12-10,Delivered
PO000139,SUP004,Glass Panels,Raw Materials,4561.0,units,504.13,2299336.93,2023-12-10,2023-12-30,2024-01-05,Delayed
PO000140,SUP001,Silicon Wafers,Raw Materials,3849.0,units,566.01,2178572.49,2023-12-14,2024-01-02,2024-01-02,Delivered
PO000141,SUP001,Aluminum Rods,Raw Materials,2553.0,units,482.22,1231107.66,2023-12-23,2024-01-06,2024-01-03,Delivered
PO000142,SUP015,Transformers,Electronics,2268.0,units,96.84,219633.12,2023-12-24,2024-01-15,2024-01-14,Delivered
PO000143,SUP021,Fleet Maintenance,Logistics,4754.0,trips,14359.17,68263494.18,2023-12-25,2024-01-04,2024-01-18,Delayed
PO000144,SUP027,Spare Parts,MRO,2761.0,units,872.23,2408227.03,2023-12-26,2024-01-05,2024-01-04,Delivered
PO000145,SUP023,Customs Clearance,Logistics,583.0,trips,16643.37,9703084.71,2024-01-04,2024-01-07,2024-01-04,Delivered
PO000146,SUP030,Fasteners,MRO,3916.0,units,198.07,775642.12,2024-01-08,2024-01-21,2024-01-19,Delivered
PO000147,SUP013,Sensors,Electronics,4854.0,units,228.15,1107440.1,2024-01-08,2024-02-02,2024-02-01,Delivered
PO000148,SUP023,Last-Mile Delivery,Logistics,2544.0,trips,12180.89,30988184.16,2024-01-15,2024-01-22,2024-01-25,Delayed
PO000149,SUP002,Steel Sheets,Raw Materials,1040.0,units,703.85,732004.0,2024-01-16,2024-01-30,2024-01-29,Delivered
PO000150,SUP024,Route Optimization,Logistics,1226.0,trips,17960.81,22019953.06,2024-01-25,2024-01-28,2024-01-25,Delivered
PO000151,SUP027,Cleaning Supplies,MRO,4562.0,units,671.46,3063200.52,2024-01-27,2024-02-04,2024-02-01,Delivered
PO000152,SUP002,Glass Panels,Raw Materials,1432.0,units,364.81,522407.92,2024-01-30,2024-02-09,2024-02-07,Delivered
PO000153,SUP016,Transformers,Electronics,2773.0,units,299.55,830652.15,2024-01-31,2024-02-22,2024-02-20,Delivered
PO000154,SUP012,Foam Inserts,Packaging,1131.0,units,106.41,120349.71,2024-02-02,2024-02-12,2024-02-14,Delayed
PO000155,SUP013,Microcontrollers,Electronics,2724.0,units,416.29,1133973.96,2024-02-08,2024-03-07,2024-03-08,Delayed
PO000156,SUP021,Warehousing,Logistics,1093.0,trips,22855.42,24980974.06,2024-02-10,2024-02-15,2024-02-19,Delayed
PO000157,SUP006,Plastic Granules,Raw Materials,2813.0,units,566.48,1593508.24,2024-02-11,2024-02-21,2024-02-22,Delayed
PO000158,SUP023,Warehousing,Logistics,1821.0,trips,18300.88,33325902.48,2024-02-21,2024-02-24,2024-02-22,Delivered
PO000159,SUP021,Last-Mile Delivery,Logistics,1525.0,trips,16554.15,25245078.75,2024-03-01,2024-03-04,2024-03-09,Delayed
PO000160,SUP010,Packing Tape,Packaging,3754.0,units,77.45,290747.3,2024-03-06,2024-03-15,2024-03-15,Delivered
PO000161,SUP028,Fasteners,MRO,2333.0,units,751.49,1753226.17,2024-03-06,2024-03-14,2024-03-22,Delayed
PO000162,SUP015,Sensors,Electronics,3101.0,units,301.01,933432.01,2024-03-07,2024-03-24,2024-03-22,Delivered
PO000163,SUP029,Welding Rods,MRO,2341.0,units,681.29,1594899.89,2024-03-10,2024-03-18,2024-03-15,Delivered
PO000164,SUP025,Electrical Tape,MRO,1103.0,units,649.81,716740.43,2024-03-14,2024-03-23,2024-03-23,Delivered
PO000165,SUP022,Cold Chain Transport,Logistics,4248.0,trips,14498.17,61588226.16,2024-03-16,2024-03-26,2024-03-24,Delivered
PO000166,SUP012,Packing Tape,Packaging,262.0,units,170.08,44560.96,2024-03-20,2024-03-30,2024-03-27,Delivered
PO000167,SUP012,Edge Protectors,Packaging,3284.0,units,110.34,362356.56,2024-03-27,2024-04-08,2024-04-10,Delayed
PO000168,SUP017,Microcontrollers,Electronics,1097.0,units,391.35,429310.95,2024-03-27,2024-04-20,2024-04-20,Delivered
PO000169,SUP008,Corrugated Boxes,Packaging,683.0,units,41.89,28610.87,2024-03-29,2024-04-09,2024-04-06,Delivered
PO000170,SUP028,Welding Rods,MRO,894.0,units,270.43,241764.42,2024-03-29,2024-04-12,2024-04-11,Delivered
PO000171,SUP004,Steel Sheets,Raw Materials,1052.0,units,777.48,817908.96,2024-03-31,2024-04-19,2024-04-19,Delivered
PO000172,SUP029,Bearings,MRO,2634.0,units,860.16,2265661.44,2024-04-11,2024-04-24,2024-04-24,Delivered
PO000173,SUP010,Edge Protectors,Packaging,4390.0,units,50.72,222660.8,2024-04-12,2024-04-23,2024-04-27,Delayed
PO000174,SUP021,Cross-Docking,Logistics,1343.0,trips,23658.52,31773392.36,2024-04-16,2024-04-24,2024-05-08,Delayed
PO000175,SUP025,Bearings,MRO,3692.0,units,689.91,2547147.72,2024-04-16,2024-05-01,2024-05-08,Delayed
PO000176,SUP021,Freight Services,Logistics,4032.0,trips,6623.05,26704137.6,2024-04-18,2024-04-27,2024-04-27,Delivered
PO000177,SUP025,Hand Tools,MRO,3219.0,units,330.74,1064652.06,2024-04-22,2024-04-29,2024-04-29,Delivered
PO000178,SUP009,Stretch Film,Packaging,1798.0,units,117.27,210851.46,2024-04-23,2024-05-03,2024-05-03,Delivered
PO000179,SUP009,Bubble Wrap,Packaging,2065.0,units,35.44,73183.6,2024-04-25,2024-05-04,2024-05-01,Delivered
PO000180,SUP022,Fleet Maintenance,Logistics,4488.0,trips,12087.36,54248071.68,2024-04-26,2024-05-04,2024-05-02,Delivered
PO000181,SUP003,Glass Panels,Raw Materials,3385.0,units,785.53,2659019.05,2024-04-26,2024-05-10,2024-05-08,Delivered
PO000182,SUP007,Packing Tape,Packaging,1054.0,units,135.04,142332.16,2024-04-29,2024-05-11,2024-05-24,Delayed
PO000183,SUP016,Transformers,Electronics,4350.0,units,467.87,2035234.5,2024-04-30,2024-05-21,2024-05-18,Delivered
PO000184,SUP004,Silicon Wafers,Raw Materials,2327.0,units,669.24,1557321.48,2024-05-02,2024-05-16,2024-05-15,Delivered
PO000185,SUP016,Transistors,Electronics,1092.0,units,408.81,446420.52,2024-05-03,2024-05-30,2024-05-29,Delivered
PO000186,SUP005,Aluminum Rods,Raw Materials,2391.0,units,173.66,415221.06,2024-05-04,2024-05-19,2024-05-22,Delayed
PO000187,SUP002,Rubber Compound,Raw Materials,4078.0,units,512.06,2088180.68,2024-05-04,2024-05-18,2024-05-17,Delivered
PO000188,SUP025,Spare Parts,MRO,1808.0,units,427.83,773516.64,2024-05-05,2024-05-17,2024-05-17,Delivered
PO000189,SUP003,Aluminum Rods,Raw Materials,1751.0,units,407.08,712797.08,2024-05-07,2024-05-22,2024-05-20,Delivered
PO000190,SUP024,Warehousing,Logistics,1092.0,trips,15090.71,16479055.32,2024-05-08,2024-05-15,2024-05-14,Delivered
PO000191,SUP008,Foam Inserts,Packaging,2244.0,units,122.44,274755.36,2024-05-12,2024-05-24,2024-05-23,Delivered
PO000192,SUP019,Fleet Maintenance,Logistics,3174.0,trips,17355.53,55086452.22,2024-05-13,2024-05-17,2024-05-18,Delayed
PO000193,SUP001,Silicon Wafers,Raw Materials,4086.0,units,812.56,3320120.16,2024-05-14,2024-05-31,2024-05-30,Delivered
PO000194,SUP014,Relays,Electronics,2214.0,units,317.76,703520.64,2024-05-14,2024-06-05,2024-06-14,Delayed
PO000195,SUP028,Safety Gear,MRO,953.0,units,627.49,597997.97,2024-05-15,2024-05-24,2024-06-01,Delayed
PO000196,SUP024,Freight Services,Logistics,1202.0,trips,12126.4,14575932.8,2024-05-15,2024-05-19,2024-05-27,Delayed
PO000197,SUP006,Rubber Compound,Raw Materials,4484.0,units,343.19,1538863.96,2024-05-21,2024-06-07,2024-06-06,Delivered
PO000198,SUP016,Transistors,Electronics,3423.0,units,334.24,1144103.52,2024-05-23,2024-06-16,2024-06-16,Delivered
PO000199,SUP008,Stretch Film,Packaging,1656.0,units,64.59,106961.04,2024-05-24,2024-05-31,2024-05-31,Delivered
PO000200,SUP002,Carbon Fiber,Raw Materials,3241.0,units,693.52,2247698.32,2024-05-29,2024-06-13,2024-06-14,Delayed
PO000201,SUP016,Connectors,Electronics,2817.0,units,303.47,854874.99,2024-06-04,2024-06-19,2024-06-19,Delivered
PO000202,SUP025,Fasteners,MRO,1926.0,units,326.04,627953.04,2024-06-06,2024-06-21,2024-06-19,Delivered
PO000203,SUP004,Copper Wire,Raw Materials,2640.0,units,215.17,568048.8,2024-06-07,2024-06-18,2024-06-16,Delivered
PO000204,SUP008,Edge Protectors,Packaging,3603.0,units,184.84,665978.52,2024-06-18,2024-06-23,2024-06-23,Delivered
PO000205,SUP024,Warehousing,Logistics,4181.0,trips,6895.62,28830587.22,2024-06-18,2024-06-23,2024-06-29,Delayed
PO000206,SUP022,Fleet Maintenance,Logistics,3528.0,trips,16402.57,57868266.96,2024-06-20,2024-06-28,2024-06-25,Delivered
PO000207,SUP025,Bearings,MRO,4139.0,units,618.51,2560012.89,2024-06-20,2024-06-27,2024-06-26,Delivered
PO000208,SUP029,Spare Parts,MRO,83.0,units,997.96,82830.68,2024-06-24,2024-07-08,2024-07-07,Delivered
PO000209,SUP008,Foam Inserts,Packaging,4065.0,units,96.27,391337.55,2024-06-25,2024-07-07,2024-07-07,Delivered
PO000210,SUP030,Filters,MRO,1772.0,units,311.48,551942.56,2024-06-26,2024-07-03,2024-07-02,Delivered
PO000211,SUP011,Poly Bags,Packaging,3504.0,units,142.96,500931.84,2024-06-27,2024-07-05,2024-07-05,Delivered
PO000212,SUP018,Transistors,Electronics,1350.0,units,346.46,467721.0,2024-07-01,2024-07-23,2024-07-23,Delivered
PO000213,SUP004,Glass Panels,Raw Materials,2147.0,units,442.22,949446.34,2024-07-03,2024-07-22,2024-07-20,Delivered
PO000214,SUP005,Copper Wire,Raw Materials,606.0,units,197.72,119818.32,2024-07-05,2024-07-16,2024-07-21,Delayed
PO000215,SUP018,Connectors,Electronics,3134.0,units,352.22,1103857.48,2024-07-07,2024-07-21,2024-07-22,Delayed
PO000216,SUP003,Glass Panels,Raw Materials,3319.0,units,676.41,2245004.79,2024-07-08,2024-07-24,2024-07-23,Delivered
PO000217,SUP017,Connectors,Electronics,2825.0,units,483.21,1365068.25,2024-07-11,2024-08-04,2024-08-02,Delivered
PO000218,SUP026,Lubricants,MRO,3148.0,units,578.36,1820677.28,2024-07-12,2024-07-21,2024-07-20,Delivered
PO000219,SUP014,LED Modules,Electronics,2886.0,units,330.28,953188.08,2024-07-12,2024-08-08,2024-08-05,Delivered
PO000220,SUP030,Hand Tools,MRO,3298.0,units,709.72,2340656.56,2024-07-15,2024-07-28,2024-07-26,Delivered
PO000221,SUP005,Rubber Compound,Raw Materials,579.0,units,295.23,170938.17,2024-07-17,2024-07-30,2024-08-07,Delayed
PO000222,SUP023,Customs Clearance,Logistics,961.0,trips,10239.97,9840611.17,2024-07-19,2024-07-25,2024-07-22,Delivered
PO000223,SUP023,Customs Clearance,Logistics,4341.0,trips,17763.13,77109747.33,2024-07-19,2024-07-23,2024-07-22,Delivered
PO000224,SUP017,Relays,Electronics,2008.0,units,272.83,547842.64,2024-07-19,2024-08-14,2024-08-13,Delivered
PO000225,SUP015,Connectors,Electronics,498.0,units,308.09,153428.82,2024-07-20,2024-08-03,2024-08-11,Delayed
PO000226,SUP003,Plastic Granules,Raw Materials,1654.0,units,655.81,1084709.74,2024-07-21,2024-08-10,2024-08-10,Delivered
PO000227,SUP025,Hand Tools,MRO,4566.0,units,269.83,1232043.78,2024-07-24,2024-08-04,2024-08-08,Delayed
PO000228,SUP001,Titanium Bars,Raw Materials,3839.0,units,177.54,681576.06,2024-07-24,2024-08-06,2024-08-04,Delivered
PO000229,SUP020,Cold Chain Transport,Logistics,292.0,trips,23270.54,6794997.68,2024-07-24,2024-07-28,2024-08-02,Delayed
PO000230,SUP020,Last-Mile Delivery,Logistics,4833.0,trips,21665.88,104711198.04,2024-07-25,2024-07-29,2024-07-27,Delivered
PO000231,SUP017,Transistors,Electronics,2647.0,units,106.92,283017.24,2024-07-26,2024-08-15,2024-08-14,Delivered
PO000232,SUP020,Fleet Maintenance,Logistics,2623.0,trips,18506.12,48541552.76,2024-07-31,2024-08-10,2024-08-07,Delivered
PO000233,SUP014,PCB Boards,Electronics,1702.0,units,57.64,98103.28,2024-08-02,2024-08-24,2024-08-27,Delayed
PO000234,SUP027,Hand Tools,MRO,1010.0,units,124.31,125553.1,2024-08-03,2024-08-17,2024-08-15,Delivered
PO000235,SUP019,Customs Clearance,Logistics,2798.0,trips,21704.92,60730366.16,2024-08-04,2024-08-07,2024-08-04,Delivered
PO000236,SUP006,Titanium Bars,Raw Materials,628.0,units,712.07,447179.96,2024-08-07,2024-08-20,2024-08-20,Delivered
PO000237,SUP025,Cleaning Supplies,MRO,4571.0,units,289.57,1323624.47,2024-08-09,2024-08-18,2024-08-17,Delivered
PO000238,SUP007,Corrugated Boxes,Packaging,2324.0,units,115.74,268979.76,2024-08-11,2024-08-21,2024-09-02,Delayed
PO000239,SUP021,Cold Chain Transport,Logistics,1638.0,trips,13046.76,21370592.88,2024-08-12,2024-08-16,2024-08-28,Delayed
PO000240,SUP019,Cold Chain Transport,Logistics,898.0,trips,6402.62,5749552.76,2024-08-12,2024-08-15,2024-08-12,Delivered
PO000241,SUP020,Customs Clearance,Logistics,1597.0,trips,16310.88,26048475.36,2024-08-19,2024-08-29,2024-08-26,Delivered
PO000242,SUP016,LED Modules,Electronics,4740.0,units,177.21,839975.4,2024-08-20,2024-09-10,2024-09-09,Delivered
PO000243,SUP010,Pallets,Packaging,3042.0,units,39.45,120006.9,2024-08-27,2024-09-08,2024-09-05,Delivered
PO000244,SUP013,Capacitors,Electronics,1737.0,units,405.81,704891.97,2024-08-27,2024-09-20,2024-09-20,Delivered
PO000245,SUP027,Welding Rods,MRO,922.0,units,778.82,718072.04,2024-08-27,2024-09-05,2024-09-05,Delivered
PO000246,SUP025,Hand Tools,MRO,3321.0,units,302.31,1003971.51,2024-08-28,2024-09-09,2024-09-06,Delivered
PO000247,SUP028,Hand Tools,MRO,4270.0,units,650.29,2776738.3,2024-09-03,2024-09-13,2024-09-10,Delivered
PO000248,SUP013,Transistors,Electronics,2204.0,units,110.06,242572.24,2024-09-03,2024-09-21,2024-09-29,Delayed
PO000249,SUP022,Route Optimization,Logistics,4876.0,trips,22897.18,111646649.68,2024-09-04,2024-09-13,2024-09-20,Delayed
PO000250,SUP020,Freight Services,Logistics,2911.0,trips,12935.44,37655065.84,2024-09-05,2024-09-13,2024-09-18,Delayed
PO000251,SUP015,Relays,Electronics,437.0,units,244.88,107012.56,2024-09-06,2024-09-29,,Cancelled
PO000252,SUP015,Relays,Electronics,4535.0,units,197.7,896569.5,2024-09-07,2024-10-02,2024-09-30,Delivered
PO000253,SUP026,Electrical Tape,MRO,185.0,units,332.9,61586.5,2024-09-08,2024-09-17,2024-09-15,Delivered
PO000254,SUP026,Hand Tools,MRO,1343.0,units,381.4,512220.2,2024-09-09,2024-09-22,2024-09-21,Delivered
PO000255,SUP007,Edge Protectors,Packaging,3685.0,units,133.41,491615.85,2024-09-09,2024-09-21,2024-10-07,Delayed
PO000256,SUP001,Plastic Granules,Raw Materials,4640.0,units,522.48,2424307.2,2024-09-10,2024-09-30,2024-09-27,Delivered
PO000257,SUP015,LED Modules,Electronics,3685.0,units,203.37,749418.45,2024-09-10,2024-10-07,2024-10-05,Delivered
PO000258,SUP008,Foam Inserts,Packaging,1297.0,units,125.53,162812.41,2024-09-14,2024-09-20,2024-09-19,Delivered
PO000259,SUP029,Safety Gear,MRO,3493.0,units,897.14,3133710.02,2024-09-15,2024-09-23,2024-09-23,Delivered
PO000260,SUP009,Foam Inserts,Packaging,931.0,units,184.0,171304.0,2024-09-19,2024-09-30,2024-10-05,Delayed
PO000261,SUP025,Welding Rods,MRO,143.0,units,426.27,60956.61,2024-09-24,2024-10-09,2024-10-06,Delivered
PO000262,SUP028,Safety Gear,MRO,2724.0,units,653.02,1778826.48,2024-09-28,2024-10-11,2024-10-09,Delivered
PO000263,SUP018,Sensors,Electronics,448.0,units,335.18,150160.64,2024-09-30,2024-10-25,2024-11-02,Delayed
PO000264,SUP024,Cold Chain Transport,Logistics,743.0,trips,14880.58,11056270.94,2024-10-01,2024-10-11,2024-10-11,Delivered
PO000265,SUP013,Capacitors,Electronics,1098.0,units,491.28,539425.44,2024-10-02,2024-10-16,2024-10-16,Delivered
PO000266,SUP008,Bubble Wrap,Packaging,121.0,units,192.65,23310.65,2024-10-04,2024-10-10,2024-10-07,Delivered
PO000267,SUP011,Shrink Wrap,Packaging,4880.0,units,45.39,221503.2,2024-10-04,2024-10-10,2024-10-09,Delivered
PO000268,SUP015,LED Modules,Electronics,4632.0,units,397.89,1843026.48,2024-10-05,2024-10-19,2024-10-17,Delivered
PO000269,SUP014,Connectors,Electronics,3477.0,units,290.44,1009859.88,2024-10-10,2024-11-04,2024-11-07,Delayed
PO000270,SUP018,LED Modules,Electronics,1000.0,units,328.91,328910.0,2024-10-19,2024-11-06,2024-11-03,Delivered
PO000271,SUP016,Resistors,Electronics,841.0,units,217.88,183237.08,2024-10-21,2024-11-05,2024-11-05,Delivered
PO000272,SUP003,Rubber Compound,Raw Materials,3621.0,units,629.73,2280252.33,2024-10-22,2024-11-06,2024-11-03,Delivered
PO000273,SUP019,Fleet Maintenance,Logistics,319.0,trips,8503.33,2712562.27,2024-10-24,2024-10-30,2024-11-02,Delayed
PO000274,SUP004,Zinc Alloy,Raw Materials,2320.0,units,303.7,704584.0,2024-10-31,2024-11-19,2024-11-18,Delivered
PO000275,SUP019,Fleet Maintenance,Logistics,4193.0,trips,10059.38,42178980.34,2024-11-07,2024-11-10,2024-11-10,Delivered
PO000276,SUP014,Relays,Electronics,2002.0,units,97.91,196015.82,2024-11-08,2024-11-24,2024-12-06,Delayed
PO000277,SUP006,Zinc Alloy,Raw Materials,4297.0,units,723.92,3110684.24,2024-11-14,2024-11-29,2024-11-27,Delivered
PO000278,SUP014,Microcontrollers,Electronics,3505.0,units,139.45,488772.25,2024-11-17,2024-12-15,2024-12-29,Delayed
PO000279,SUP006,Silicon Wafers,Raw Materials,3539.0,units,601.65,2129239.35,2024-11-26,2024-12-15,2024-12-13,Delivered
PO000280,SUP002,Copper Wire,Raw Materials,1895.0,units,528.51,1001526.45,2024-11-28,2024-12-12,2024-12-19,Delayed
PO000281,SUP029,Hand Tools,MRO,1477.0,units,579.5,855921.5,2024-11-29,2024-12-14,2024-12-14,Delivered
PO000282,SUP010,Packing Tape,Packaging,362.0,units,60.26,21814.12,2024-12-07,2024-12-17,2024-12-20,Delayed
PO000283,SUP006,Plastic Granules,Raw Materials,1173.0,units,472.95,554770.35,2024-12-07,2024-12-26,2024-12-25,Delivered
PO000284,SUP006,Rubber Compound,Raw Materials,629.0,units,938.96,590605.84,2024-12-12,2025-01-01,2025-01-01,Delivered
PO000285,SUP030,Lubricants,MRO,2053.0,units,107.83,221374.99,2024-12-13,2024-12-27,2024-12-26,Delivered
PO000286,SUP026,Electrical Tape,MRO,3656.0,units,139.95,511657.2,2024-12-17,2024-12-27,2024-12-31,Delayed
PO000287,SUP019,Cold Chain Transport,Logistics,3917.0,trips,23599.06,92437518.02,2024-12-17,2024-12-27,2025-01-02,Delayed
PO000288,SUP013,Resistors,Electronics,3594.0,units,55.0,197670.0,2024-12-20,2025-01-06,2025-01-03,Delivered
PO000289,SUP024,Route Optimization,Logistics,741.0,trips,15620.66,11574909.06,2024-12-22,2024-12-25,2025-01-02,Delayed
PO000290,SUP023,Last-Mile Delivery,Logistics,1036.0,trips,21748.5,22531446.0,2024-12-26,2024-12-29,2024-12-26,Delivered
PO000291,SUP004,Plastic Granules,Raw Materials,2115.0,units,572.2,1210203.0,2025-01-04,2025-01-15,2025-01-15,Delivered
PO000292,SUP012,Poly Bags,Packaging,3678.0,units,68.78,252972.84,2025-01-05,2025-01-12,2025-01-10,Delivered
PO000293,SUP010,Poly Bags,Packaging,3213.0,units,51.96,166947.48,2025-01-09,2025-01-19,2025-01-19,Delivered
PO000294,SUP018,Transformers,Electronics,1791.0,units,188.53,337657.23,2025-01-10,2025-01-27,2025-01-27,Delivered
PO000295,SUP014,Connectors,Electronics,4584.0,units,54.48,249736.32,2025-01-11,2025-01-27,2025-02-03,Delayed
PO000296,SUP023,Cold Chain Transport,Logistics,1572.0,trips,18700.6,29397343.2,2025-01-19,2025-01-25,2025-01-22,Delivered
PO000297,SUP004,Plastic Granules,Raw Materials,264.0,units,406.6,107342.4,2025-01-22,2025-02-04,2025-02-02,Delivered
PO000298,SUP012,Bubble Wrap,Packaging,4283.0,units,135.82,581717.06,2025-01-22,2025-01-30,2025-02-01,Delayed
PO000299,SUP030,Cleaning Supplies,MRO,4606.0,units,661.81,3048296.86,2025-01-24,2025-02-08,2025-02-08,Delivered
PO000300,SUP015,Capacitors,Electronics,2623.0,units,179.54,470933.42,2025-01-25,2025-02-15,2025-02-12,Delivered
PO000301,SUP007,Shrink Wrap,Packaging,4479.0,units,194.24,870000.96,2025-01-26,2025-02-07,2025-02-13,Delayed
PO000302,SUP024,Last-Mile Delivery,Logistics,370.0,trips,26155.56,9677557.2,2025-01-28,2025-02-04,2025-02-01,Delivered
PO000303,SUP017,Microcontrollers,Electronics,780.0,units,249.87,194898.6,2025-01-29,2025-02-19,2025-02-21,Delayed
PO000304,SUP025,Safety Gear,MRO,3322.0,units,548.53,1822216.66,2025-01-30,2025-02-06,2025-02-14,Delayed
PO000305,SUP011,Stretch Film,Packaging,2241.0,units,49.05,109921.05,2025-02-06,2025-02-13,2025-02-10,Delivered
PO000306,SUP016,Relays,Electronics,4279.0,units,266.19,1139027.01,2025-02-07,2025-02-21,2025-02-21,Delivered
PO000307,SUP025,Filters,MRO,1934.0,units,306.23,592248.82,2025-02-15,2025-02-26,2025-02-26,Delivered
PO000308,SUP015,Transistors,Electronics,2862.0,units,356.08,1019100.96,2025-02-15,2025-03-10,2025-03-08,Delivered
PO000309,SUP006,Titanium Bars,Raw Materials,1533.0,units,944.7,1448225.1,2025-02-15,2025-02-28,2025-03-02,Delayed
PO000310,SUP023,Warehousing,Logistics,2980.0,trips,12624.85,37622053.0,2025-02-15,2025-02-23,2025-02-22,Delivered
PO000311,SUP029,Lubricants,MRO,3158.0,units,900.5,2843779.0,2025-02-17,2025-03-04,2025-03-02,Delivered
PO000312,SUP028,Bearings,MRO,2081.0,units,328.65,683920.65,2025-02-18,2025-03-03,2025-03-08,Delayed
PO000313,SUP015,Connectors,Electronics,2821.0,units,64.08,180769.68,2025-02-19,2025-03-15,2025-03-13,Delivered
PO000314,SUP020,Cross-Docking,Logistics,4343.0,trips,19435.46,84408202.78,2025-02-22,2025-02-26,2025-02-24,Delivered
PO000315,SUP016,Capacitors,Electronics,1228.0,units,206.05,253029.4,2025-02-25,2025-03-14,2025-03-12,Delivered
PO000316,SUP028,Electrical Tape,MRO,327.0,units,505.97,165452.19,2025-03-07,2025-03-19,,Cancelled
PO000317,SUP029,Electrical Tape,MRO,222.0,units,676.6,150205.2,2025-03-17,2025-03-25,2025-03-25,Delivered
PO000318,SUP030,Bearings,MRO,4641.0,units,388.82,1804513.62,2025-03-19,2025-04-01,2025-04-09,Delayed
PO000319,SUP016,Transistors,Electronics,4636.0,units,445.63,2065940.68,2025-03-21,2025-04-10,2025-04-09,Delivered
PO000320,SUP021,Fleet Maintenance,Logistics,3966.0,trips,10657.18,42266375.88,2025-03-21,2025-03-30,2025-04-07,Delayed
PO000321,SUP022,Customs Clearance,Logistics,4008.0,trips,23913.14,95843865.12,2025-03-25,2025-03-31,2025-03-30,Delivered
PO000322,SUP002,Glass Panels,Raw Materials,3109.0,units,605.87,1883649.83,2025-03-27,2025-04-14,2025-04-12,Delivered
PO000323,SUP010,Carton Boxes,Packaging,1941.0,units,54.35,105493.35,2025-03-29,2025-04-09,2025-04-06,Delivered
PO000324,SUP030,Cleaning Supplies,MRO,1880.0,units,402.99,757621.2,2025-04-02,2025-04-15,2025-04-16,Delayed
PO000325,SUP002,Carbon Fiber,Raw Materials,4659.0,units,550.42,2564406.78,2025-04-11,2025-04-21,2025-04-22,Delayed
PO000326,SUP019,Last-Mile Delivery,Logistics,1338.0,trips,7675.57,10269912.66,2025-04-12,2025-04-20,2025-04-18,Delivered
PO000327,SUP024,Customs Clearance,Logistics,4635.0,trips,19625.99,90966463.65,2025-04-13,2025-04-23,2025-04-20,Delivered
PO000328,SUP002,Rubber Compound,Raw Materials,786.0,units,371.71,292164.06,2025-04-15,2025-05-02,2025-05-01,Delivered
PO000329,SUP004,Carbon Fiber,Raw Materials,513.0,units,878.14,450485.82,2025-04-16,2025-05-05,2025-05-04,Delivered
PO000330,SUP025,Welding Rods,MRO,3401.0,units,461.33,1568983.33,2025-04-16,2025-04-24,2025-04-22,Delivered
PO000331,SUP020,Freight Services,Logistics,1681.0,trips,25507.42,42877973.02,2025-04-21,2025-04-24,2025-05-01,Delayed
PO000332,SUP003,Glass Panels,Raw Materials,1313.0,units,358.39,470566.07,2025-04-21,2025-05-07,2025-05-05,Delivered
PO000333,SUP029,Electrical Tape,MRO,700.0,units,893.49,625443.0,2025-04-21,2025-05-03,2025-05-03,Delivered
PO000334,SUP017,Sensors,Electronics,4868.0,units,379.88,1849255.84,2025-04-29,2025-05-20,2025-05-23,Delayed
PO000335,SUP022,Cross-Docking,Logistics,4216.0,trips,6120.66,25804702.56,2025-05-01,2025-05-11,2025-05-11,Delivered
PO000336,SUP004,Zinc Alloy,Raw Materials,939.0,units,321.66,302038.74,2025-05-08,2025-05-25,2025-05-28,Delayed
PO000337,SUP003,Titanium Bars,Raw Materials,1334.0,units,709.04,945859.36,2025-05-08,2025-05-25,2025-05-22,Delivered
PO000338,SUP026,Spare Parts,MRO,484.0,units,249.0,120516.0,2025-05-09,2025-05-22,2025-05-22,Delivered
PO000339,SUP010,Carton Boxes,Packaging,783.0,units,40.86,31993.38,2025-05-10,2025-05-22,2025-05-19,Delivered
PO000340,SUP002,Carbon Fiber,Raw Materials,89.0,units,671.71,59782.19,2025-05-11,2025-05-29,2025-05-26,Delivered
PO000341,SUP008,Corrugated Boxes,Packaging,2665.0,units,76.53,203952.45,2025-05-12,2025-05-22,2025-05-19,Delivered
PO000342,SUP008,Poly Bags,Packaging,1138.0,units,76.26,86783.88,2025-05-13,2025-05-24,2025-05-22,Delivered
PO000343,SUP023,Warehousing,Logistics,3352.0,trips,7572.52,25383087.04,2025-05-14,2025-05-17,2025-05-16,Delivered
PO000344,SUP027,Fasteners,MRO,208.0,units,290.0,60320.0,2025-05-16,2025-05-31,2025-05-31,Delivered
PO000345,SUP023,Freight Services,Logistics,4637.0,trips,7346.33,34064932.21,2025-05-18,2025-05-22,2025-05-21,Delivered
PO000346,SUP024,Cross-Docking,Logistics,3555.0,trips,8498.83,30213340.65,2025-05-20,2025-05-29,2025-05-28,Delivered
PO000347,SUP003,Plastic Granules,Raw Materials,1894.0,units,757.45,1434610.3,2025-05-25,2025-06-07,2025-06-05,Delivered
PO000348,SUP001,Zinc Alloy,Raw Materials,771.0,units,195.51,150738.21,2025-05-27,2025-06-08,2025-06-08,Delivered
PO000349,SUP021,Cross-Docking,Logistics,2126.0,trips,18946.51,40280280.26,2025-05-28,2025-06-06,2025-06-23,Delayed
PO000350,SUP023,Customs Clearance,Logistics,4444.0,trips,10738.52,47721982.88,2025-05-31,2025-06-04,2025-06-03,Delivered
PO000351,SUP001,Steel Sheets,Raw Materials,4457.0,units,598.05,2665508.85,2025-06-01,2025-06-11,2025-06-09,Delivered
PO000352,SUP019,Freight Services,Logistics,2293.0,trips,16645.35,38167787.55,2025-06-08,2025-06-15,2025-06-14,Delivered
PO000353,SUP023,Route Optimization,Logistics,2622.0,trips,20076.71,52641133.62,2025-06-11,2025-06-15,2025-06-17,Delayed
PO000354,SUP012,Poly Bags,Packaging,2044.0,units,172.91,353428.04,2025-06-11,2025-06-22,2025-06-22,Delivered
PO000355,SUP023,Cold Chain Transport,Logistics,2304.0,trips,24754.94,57035381.76,2025-06-15,2025-06-22,2025-06-20,Delivered
PO000356,SUP010,Foam Inserts,Packaging,2455.0,units,48.42,118871.1,2025-06-18,2025-06-25,2025-06-25,Delivered
PO000357,SUP014,Connectors,Electronics,2887.0,units,408.4,1179050.8,2025-06-20,2025-07-16,2025-08-01,Delayed
PO000358,SUP013,LED Modules,Electronics,4506.0,units,328.55,1480446.3,2025-06-21,2025-07-14,2025-07-15,Delayed
PO000359,SUP019,Cold Chain Transport,Logistics,3765.0,trips,15074.16,56754212.4,2025-06-21,2025-07-01,2025-07-01,Delivered
PO000360,SUP016,PCB Boards,Electronics,1733.0,units,309.63,536588.79,2025-06-23,2025-07-11,2025-07-08,Delivered
PO000361,SUP022,Last-Mile Delivery,Logistics,342.0,trips,10333.48,3534050.16,2025-06-24,2025-06-28,2025-06-25,Delivered
PO000362,SUP017,Relays,Electronics,1956.0,units,255.33,499425.48,2025-06-24,2025-07-12,2025-07-19,Delayed
PO000363,SUP015,Capacitors,Electronics,4239.0,units,109.41,463788.99,2025-06-25,2025-07-09,2025-07-08,Delivered
PO000364,SUP001,Steel Sheets,Raw Materials,4671.0,units,562.72,2628465.12,2025-06-25,2025-07-14,2025-07-14,Delivered
PO000365,SUP027,Hand Tools,MRO,3639.0,units,872.34,3174445.26,2025-06-26,2025-07-07,2025-07-04,Delivered
PO000366,SUP020,Customs Clearance,Logistics,129.0,trips,14932.1,1926240.9,2025-06-27,2025-07-06,2025-07-06,Delivered
PO000367,SUP029,Welding Rods,MRO,3378.0,units,270.59,914053.02,2025-06-27,2025-07-07,2025-07-12,Delayed
PO000368,SUP022,Customs Clearance,Logistics,998.0,trips,10127.48,10107225.04,2025-07-10,2025-07-16,2025-07-14,Delivered
PO000369,SUP019,Fleet Maintenance,Logistics,894.0,trips,17300.1,15466289.4,2025-07-12,2025-07-18,2025-07-18,Delivered
PO000370,SUP023,Cross-Docking,Logistics,3419.0,trips,19507.27,66695356.13,2025-07-14,2025-07-23,2025-07-23,Delivered
PO000371,SUP029,Cleaning Supplies,MRO,282.0,units,425.64,120030.48,2025-07-17,2025-07-25,2025-07-27,Delayed
PO000372,SUP021,Warehousing,Logistics,188.0,trips,22742.37,4275565.56,2025-07-18,2025-07-21,2025-08-07,Delayed
PO000373,SUP025,Safety Gear,MRO,3145.0,units,403.2,1268064.0,2025-07-18,2025-07-25,2025-07-26,Delayed
PO000374,SUP018,PCB Boards,Electronics,1510.0,units,398.31,601448.1,2025-07-20,2025-08-09,2025-08-09,Delivered
PO000375,SUP015,Relays,Electronics,1675.0,units,302.25,506268.75,2025-07-20,2025-08-13,2025-08-12,Delivered
PO000376,SUP005,Steel Sheets,Raw Materials,349.0,units,440.83,153849.67,2025-07-20,2025-08-01,2025-07-31,Delivered
PO000377,SUP002,Rubber Compound,Raw Materials,2560.0,units,868.7,2223872.0,2025-07-23,2025-08-03,2025-08-01,Delivered
PO000378,SUP020,Cross-Docking,Logistics,2123.0,trips,5379.79,11421294.17,2025-07-24,2025-07-30,2025-07-27,Delivered
PO000379,SUP007,Stretch Film,Packaging,962.0,units,82.45,79316.9,2025-07-24,2025-08-03,2025-08-02,Delivered
PO000380,SUP011,Poly Bags,Packaging,1268.0,units,48.69,61738.92,2025-07-25,2025-07-31,2025-07-30,Delivered
PO000381,SUP017,Transformers,Electronics,4414.0,units,109.32,482538.48,2025-07-30,2025-08-18,2025-08-16,Delivered
PO000382,SUP026,Hand Tools,MRO,1672.0,units,1031.52,1724701.44,2025-07-30,2025-08-07,2025-08-05,Delivered
PO000383,SUP016,Relays,Electronics,2348.0,units,349.09,819663.32,2025-07-31,2025-08-17,2025-08-24,Delayed
PO000384,SUP029,Bearings,MRO,2878.0,units,174.07,500973.46,2025-08-03,2025-08-17,2025-08-14,Delivered
PO000385,SUP014,Sensors,Electronics,4032.0,units,127.86,515531.52,2025-08-03,2025-08-30,2025-09-03,Delayed
PO000386,SUP018,LED Modules,Electronics,1702.0,units,366.27,623391.54,2025-08-05,2025-09-01,2025-08-29,Delivered
PO000387,SUP013,Transformers,Electronics,3801.0,units,473.59,1800115.59,2025-08-08,2025-08-25,2025-08-22,Delivered
PO000388,SUP025,Bearings,MRO,1087.0,units,230.8,250879.6,2025-08-10,2025-08-22,2025-08-20,Delivered
PO000389,SUP011,Edge Protectors,Packaging,165.0,units,189.85,31325.25,2025-08-10,2025-08-21,2025-08-19,Delivered
PO000390,SUP019,Fleet Maintenance,Logistics,3213.0,trips,8694.17,27934368.21,2025-08-10,2025-08-14,2025-08-14,Delivered
PO000391,SUP015,PCB Boards,Electronics,1875.0,units,432.15,810281.25,2025-08-15,2025-09-09,2025-09-13,Delayed
PO000392,SUP010,Stretch Film,Packaging,4099.0,units,50.27,206056.73,2025-08-17,2025-08-26,2025-08-25,Delivered
PO000393,SUP017,Sensors,Electronics,4556.0,units,328.11,1494869.16,2025-08-19,2025-09-13,2025-09-17,Delayed
PO000394,SUP006,Titanium Bars,Raw Materials,3680.0,units,566.05,2083064.0,2025-08-20,2025-09-02,2025-09-10,Delayed
PO000395,SUP014,Relays,Electronics,650.0,units,262.12,170378.0,2025-08-20,2025-09-10,2025-09-23,Delayed
PO000396,SUP024,Route Optimization,Logistics,4286.0,trips,24271.5,104027649.0,2025-08-21,2025-08-25,2025-08-22,Delivered
PO000397,SUP027,Spare Parts,MRO,4216.0,units,571.04,2407504.64,2025-08-25,2025-09-03,2025-09-02,Delivered
PO000398,SUP015,PCB Boards,Electronics,4191.0,units,360.96,1512783.36,2025-08-26,2025-09-09,2025-09-11,Delayed
PO000399,SUP001,Glass Panels,Raw Materials,188.0,units,185.58,34889.04,2025-08-29,2025-09-18,2025-09-17,Delivered
PO000400,SUP020,Cold Chain Transport,Logistics,4675.0,trips,6565.37,30693104.75,2025-08-30,2025-09-08,2025-09-06,Delivered
PO000401,SUP002,Copper Wire,Raw Materials,4433.0,units,521.15,2310257.95,2025-09-03,2025-09-22,2025-09-21,Delivered
PO000402,SUP011,Bubble Wrap,Packaging,3195.0,units,78.58,251063.1,2025-09-05,2025-09-17,2025-09-19,Delayed
PO000403,SUP010,Packing Tape,Packaging,3703.0,units,124.23,460023.69,2025-09-07,2025-09-12,2025-09-12,Delivered
PO000404,SUP017,Transistors,Electronics,3258.0,units,433.83,1413418.14,2025-09-07,2025-10-03,2025-10-03,Delivered
PO000405,SUP028,Welding Rods,MRO,396.0,units,185.29,73374.84,2025-09-12,2025-09-25,2025-09-24,Delivered
PO000406,SUP014,Resistors,Electronics,3049.0,units,484.01,1475746.49,2025-09-13,2025-10-03,2025-10-02,Delivered
PO000407,SUP027,Welding Rods,MRO,148.0,units,600.35,88851.8,2025-09-16,2025-09-27,2025-09-27,Delivered
PO000408,SUP011,Bubble Wrap,Packaging,3589.0,units,181.18,650255.02,2025-09-18,2025-09-29,2025-09-26,Delivered
PO000409,SUP029,Lubricants,MRO,4963.0,units,1003.11,4978434.93,2025-09-18,2025-09-25,2025-09-24,Delivered
PO000410,SUP016,PCB Boards,Electronics,4611.0,units,63.77,294043.47,2025-09-19,2025-10-07,2025-10-04,Delivered
PO000411,SUP013,Transformers,Electronics,4872.0,units,457.84,2230596.48,2025-09-21,2025-10-14,2025-10-14,Delivered
PO000412,SUP021,Customs Clearance,Logistics,4080.0,trips,17973.16,73330492.8,2025-09-21,2025-09-25,2025-09-24,Delivered
PO000413,SUP006,Carbon Fiber,Raw Materials,973.0,units,280.68,273101.64,2025-09-21,2025-10-04,2025-10-04,Delivered
PO000414,SUP028,Hand Tools,MRO,445.0,units,310.56,138199.2,2025-09-23,2025-09-30,2025-10-04,Delayed
PO000415,SUP017,PCB Boards,Electronics,1910.0,units,172.46,329398.6,2025-09-23,2025-10-17,2025-10-14,Delivered
PO000416,SUP020,Freight Services,Logistics,4878.0,trips,23613.56,115186945.68,2025-09-26,2025-09-30,2025-09-28,Delivered
PO000417,SUP015,Transformers,Electronics,3447.0,units,371.65,1281077.55,2025-09-29,2025-10-23,2025-10-22,Delivered
PO000418,SUP020,Fleet Maintenance,Logistics,2031.0,trips,25470.41,51730402.71,2025-09-29,2025-10-05,2025-10-05,Delivered
PO000419,SUP005,Zinc Alloy,Raw Materials,3994.0,units,419.67,1676161.98,2025-10-01,2025-10-12,2025-10-12,Delivered
PO000420,SUP004,Glass Panels,Raw Materials,4967.0,units,210.71,1046596.57,2025-10-02,2025-10-22,2025-10-20,Delivered
PO000421,SUP028,Cleaning Supplies,MRO,4662.0,units,773.86,3607735.32,2025-10-02,2025-10-12,2025-10-18,Delayed
PO000422,SUP024,Cold Chain Transport,Logistics,3736.0,trips,22161.33,82794728.88,2025-10-05,2025-10-14,2025-10-13,Delivered
PO000423,SUP017,Transformers,Electronics,2974.0,units,419.47,1247503.78,2025-10-11,2025-11-04,2025-11-04,Delivered
PO000424,SUP020,Customs Clearance,Logistics,1579.0,trips,20136.51,31795549.29,2025-10-17,2025-10-26,2025-10-25,Delivered
PO000425,SUP028,Cleaning Supplies,MRO,3517.0,units,487.71,1715276.07,2025-10-21,2025-11-02,2025-10-30,Delivered
PO000426,SUP013,Capacitors,Electronics,2663.0,units,129.65,345257.95,2025-10-28,2025-11-24,2025-11-21,Delivered
PO000427,SUP010,Bubble Wrap,Packaging,1088.0,units,51.7,56249.6,2025-10-30,2025-11-10,2025-11-09,Delivered
PO000428,SUP002,Copper Wire,Raw Materials,4902.0,units,669.63,3282526.26,2025-11-01,2025-11-14,2025-11-14,Delivered
PO000429,SUP025,Welding Rods,MRO,4331.0,units,194.11,840690.41,2025-11-02,2025-11-13,2025-11-10,Delivered
PO000430,SUP016,Transistors,Electronics,1527.0,units,365.57,558225.39,2025-11-04,2025-11-26,2025-11-26,Delivered
PO000431,SUP025,Cleaning Supplies,MRO,4830.0,units,628.06,3033529.8,2025-11-05,2025-11-14,2025-11-14,Delivered
PO000432,SUP004,Silicon Wafers,Raw Materials,1528.0,units,911.96,1393474.88,2025-11-06,2025-11-24,2025-11-22,Delivered
PO000433,SUP020,Cold Chain Transport,Logistics,3455.0,trips,7476.41,25830996.55,2025-11-08,2025-11-16,2025-11-21,Delayed
PO000434,SUP009,Stretch Film,Packaging,3266.0,units,96.26,314385.16,2025-11-12,2025-11-18,2025-11-17,Delivered
PO000435,SUP014,Resistors,Electronics,1616.0,units,486.24,785763.84,2025-11-13,2025-11-28,2025-12-08,Delayed
PO000436,SUP009,Corrugated Boxes,Packaging,535.0,units,60.25,32233.75,2025-11-21,2025-12-03,2025-12-02,Delivered
PO000437,SUP011,Stretch Film,Packaging,944.0,units,139.79,131961.76,2025-11-26,2025-12-03,2025-12-08,Delayed
PO000438,SUP002,Carbon Fiber,Raw Materials,3552.0,units,396.31,1407693.12,2025-12-03,2025-12-21,2025-12-19,Delivered
PO000439,SUP021,Warehousing,Logistics,4740.0,trips,7058.53,33457432.2,2025-12-03,2025-12-10,2025-12-26,Delayed
PO000440,SUP022,Last-Mile Delivery,Logistics,2424.0,trips,19310.36,46808312.64,2025-12-10,2025-12-18,2025-12-18,Delivered
PO000441,SUP020,Fleet Maintenance,Logistics,4825.0,trips,10017.35,48333713.75,2025-12-15,2025-12-24,2025-12-28,Delayed
PO000442,SUP027,Fasteners,MRO,4261.0,units,104.15,443783.15,2025-12-19,2026-01-03,2025-12-31,Delivered
PO000443,SUP002,Carbon Fiber,Raw Materials,79.0,units,550.64,43500.56,2025-12-22,2026-01-01,2026-01-03,Delayed
PO000444,SUP030,Welding Rods,MRO,84.0,units,454.91,38212.44,2025-12-22,2026-01-05,2026-01-03,Delivered
PO000445,SUP029,Cleaning Supplies,MRO,598.0,units,131.86,78852.28,2025-12-23,2026-01-06,2026-01-04,Delivered
PO000446,SUP025,Bearings,MRO,2534.0,units,181.99,461162.66,2025-12-23,2026-01-02,2026-01-02,Delivered
PO000447,SUP014,Connectors,Electronics,1483.0,units,155.01,229879.83,2025-12-28,2026-01-22,2026-01-21,Delivered
PO000448,SUP007,Edge Protectors,Packaging,3163.0,units,39.32,124369.16,2025-12-29,2026-01-06,2026-01-16,Delayed
PO000449,SUP008,Pallets,Packaging,2159.0,units,103.74,223974.66,2026-01-03,2026-01-11,2026-01-10,Delivered
PO000450,SUP010,Carton Boxes,Packaging,1437.0,units,91.5,131485.5,2026-01-03,2026-01-08,2026-01-06,Delivered
PO000451,SUP008,Foam Inserts,Packaging,1090.0,units,182.18,198576.2,2026-01-03,2026-01-11,2026-01-08,Delivered
PO000452,SUP025,Cleaning Supplies,MRO,2691.0,units,939.88,2529217.08,2026-01-07,2026-01-21,2026-01-18,Delivered
PO000453,SUP014,Relays,Electronics,4660.0,units,296.37,1381084.2,2026-01-09,2026-02-04,2026-02-09,Delayed
PO000454,SUP006,Zinc Alloy,Raw Materials,3766.0,units,479.64,1806324.24,2026-01-11,2026-01-24,2026-01-23,Delivered
PO000455,SUP010,Foam Inserts,Packaging,2783.0,units,29.94,83323.02,2026-01-11,2026-01-20,2026-01-20,Delivered
PO000456,SUP001,Carbon Fiber,Raw Materials,3182.0,units,936.1,2978670.2,2026-01-13,2026-02-01,2026-01-31,Delivered
PO000457,SUP009,Corrugated Boxes,Packaging,2710.0,units,157.05,425605.5,2026-01-15,2026-01-24,2026-01-21,Delivered
PO000458,SUP005,Zinc Alloy,Raw Materials,1197.0,units,749.1,896672.7,2026-01-16,2026-01-28,,Pending
PO000459,SUP001,Plastic Granules,Raw Materials,856.0,units,321.79,275452.24,2026-01-17,2026-02-06,,Pending
PO000460,SUP013,Transistors,Electronics,153.0,units,317.36,48556.08,2026-01-17,2026-02-12,,Pending
PO000461,SUP027,Filters,MRO,4271.0,units,808.22,3451907.62,2026-01-20,2026-02-04,,Pending
PO000462,SUP021,Warehousing,Logistics,155.0,trips,20915.21,3241857.55,2026-01-24,2026-02-02,,Pending
PO000463,SUP021,Cross-Docking,Logistics,1168.0,trips,20321.32,23735301.76,2026-01-27,2026-02-03,,Pending
PO000464,SUP011,Shrink Wrap,Packaging,1834.0,units,34.33,62961.22,2026-01-28,2026-02-08,,Pending
PO000465,SUP004,Plastic Granules,Raw Materials,4585.0,units,686.96,3149711.6,2026-01-29,2026-02-10,,Pending
PO000466,SUP026,Welding Rods,MRO,4083.0,units,367.46,1500339.18,2026-01-31,2026-02-13,,Pending
PO000467,SUP014,Transformers,Electronics,3978.0,units,344.12,1368909.36,2026-02-01,2026-02-23,,Pending
PO000468,SUP023,Route Optimization,Logistics,2658.0,trips,6424.78,17077065.24,2026-02-01,2026-02-11,,Pending
PO000469,SUP002,Carbon Fiber,Raw Materials,1836.0,units,880.03,1615735.08,2026-02-02,2026-02-18,,Pending
PO000470,SUP004,Aluminum Rods,Raw Materials,1918.0,units,199.6,382832.8,2026-02-04,2026-02-23,,Pending
PO000471,SUP008,Shrink Wrap,Packaging,112.0,units,95.39,10683.68,2026-02-07,2026-02-19,,Pending
PO000472,SUP023,Freight Services,Logistics,1470.0,trips,18455.66,27129820.2,2026-02-07,2026-02-14,,Pending
PO000473,SUP008,Stretch Film,Packaging,4661.0,units,35.97,167656.17,2026-02-09,2026-02-17,,Pending
PO000474,SUP003,Zinc Alloy,Raw Materials,2413.0,units,711.58,1717042.54,2026-02-09,2026-02-23,,Pending
PO000475,SUP028,Filters,MRO,189.0,units,757.02,143076.78,2026-02-09,2026-02-19,,Pending
PO000476,SUP019,Freight Services,Logistics,2841.0,trips,23322.69,66259762.29,2026-02-12,2026-02-18,,Pending
PO000477,SUP024,Customs Clearance,Logistics,4871.0,trips,20804.6,101339206.6,2026-02-12,2026-02-21,,Pending
PO000478,SUP028,Lubricants,MRO,1486.0,units,792.54,1177714.44,2026-02-13,2026-02-28,,Pending
PO000479,SUP024,Customs Clearance,Logistics,2265.0,trips,24613.12,55748716.8,2026-02-14,2026-02-20,,Pending
PO000480,SUP019,Fleet Maintenance,Logistics,532.0,trips,23763.72,12642299.04,2026-02-15,2026-02-23,,Pending
PO000481,SUP006,Copper Wire,Raw Materials,1437.0,units,481.38,691743.06,2026-02-15,2026-03-01,,Pending
PO000482,SUP016,PCB Boards,Electronics,1849.0,units,329.51,609263.99,2026-02-23,2026-03-14,,Pending
PO000483,SUP009,Corrugated Boxes,Packaging,3122.0,units,162.05,505920.1,2026-02-24,2026-03-07,,Pending
PO000484,SUP028,Welding Rods,MRO,3362.0,units,188.07,632291.34,2026-03-02,2026-03-12,,Pending
PO000485,SUP003,Carbon Fiber,Raw Materials,1745.0,units,683.47,1192655.15,2026-03-03,2026-03-20,,Pending
PO000486,SUP020,Route Optimization,Logistics,359.0,trips,8560.97,3073388.23,2026-03-05,2026-03-12,,Pending
PO000487,SUP003,Plastic Granules,Raw Materials,2055.0,units,420.85,864846.75,2026-03-05,2026-03-15,,Pending
PO000488,SUP010,Bubble Wrap,Packaging,1033.0,units,105.61,109095.13,2026-03-08,2026-03-19,,Pending
PO000489,SUP026,Electrical Tape,MRO,1033.0,units,872.69,901488.77,2026-03-12,2026-03-21,,Pending
PO000490,SUP011,Shrink Wrap,Packaging,3970.0,units,71.15,282465.5,2026-03-13,2026-03-25,,Pending
PO000491,SUP007,Stretch Film,Packaging,3497.0,units,131.85,461079.45,2026-03-15,2026-03-25,,Pending
PO000492,SUP010,Poly Bags,Packaging,4104.0,units,115.61,474463.44,2026-03-21,2026-03-31,,Pending
PO000493,SUP014,Sensors,Electronics,926.0,units,219.49,203247.74,2026-03-24,2026-04-08,,Pending
PO000494,SUP020,Route Optimization,Logistics,563.0,trips,18535.29,10435368.27,2026-03-24,2026-04-02,,Pending
PO000495,SUP015,Relays,Electronics,1936.0,units,104.52,202350.72,2026-03-25,2026-04-08,,Pending
PO000496,SUP009,Foam Inserts,Packaging,1572.0,units,169.95,267161.4,2026-03-25,2026-04-01,,Pending
PO000497,SUP020,Customs Clearance,Logistics,1709.0,trips,25035.29,42785310.61,2026-03-26,2026-04-04,,Pending
PO000498,SUP011,Poly Bags,Packaging,834.0,units,145.25,121138.5,2026-03-26,2026-04-04,,Pending
PO000499,SUP003,Steel Sheets,Raw Materials,2215.0,units,673.93,1492754.95,2026-03-29,2026-04-14,,Pending
PO000500,SUP025,Filters,MRO,973.0,units,790.71,769360.83,2026-03-31,2026-04-11,,Pending
